-- DROP TABLE IF EXISTS auth CASCADE;
DROP TABLE IF EXISTS users CASCADE;
DROP TABLE IF EXISTS topics CASCADE;
DROP TABLE IF EXISTS states CASCADE;
DROP TABLE IF EXISTS favorites CASCADE;
DROP TABLE IF EXISTS additional_data CASCADE;

-- CREATE TABLE auth (
--   id BIGINT GENERATED ALWAYS AS IDENTITY PRIMARY KEY,
--   email TEXT NOT NULL UNIQUE,
--   password_hash TEXT NOT NULL
-- );

CREATE TABLE users (
  id BIGINT GENERATED ALWAYS AS IDENTITY PRIMARY KEY,
  email TEXT NOT NULL,
  username TEXT,
  avatar TEXT
);

CREATE TABLE topics (
  id BIGINT GENERATED ALWAYS AS IDENTITY PRIMARY KEY,
  name TEXT NOT NULL UNIQUE
);

CREATE TABLE states (
  state_name TEXT NOT NULL PRIMARY KEY,
  abrv TEXT NOT NULL UNIQUE
);

CREATE TABLE favorites (
  id BIGINT GENERATED ALWAYS AS IDENTITY PRIMARY KEY,
  image TEXT NOT NULL,
  user_id BIGINT NOT NULL REFERENCES users(id),
  topic_id BIGINT NOT NULL REFERENCES topics(id)
);

CREATE TABLE additional_data (
  id BIGINT GENERATED ALWAYS AS IDENTITY PRIMARY KEY,
  data DECIMAL(8,2),
  state TEXT NOT NULL REFERENCES states(abrv),
  topic TEXT NOT NULL REFERENCES topics(name)
);

INSERT INTO users (email) VALUES('test@email.com');

INSERT INTO topics (name) VALUES 
('Total_Homeless_Population'),
('Percentage_of_Total_Population_Experiencing_Homelessness'),
('LGBT_People_in_Poverty'),
('Percentage_of_LGBT_Population_in_Poverty');

INSERT INTO states (state_name, abrv) VALUES ('alabama', 'AL'),
('alaska', 'AK'),
('arizona', 'AZ'),
('arkansas', 'AR'),
('california', 'CA'),
('colorado', 'CO'),
('connecticut', 'CT'),
('delaware', 'DE'),
('florida', 'FL'),
('georgia', 'GA'),
('hawaii', 'HI'),
('idaho', 'ID'),
('illinois', 'IL'),
('indiana', 'IN'),
('iowa', 'IA'),
('kansas', 'KS'),
('kentucky', 'KY'),
('louisiana', 'LA'),
('maine', 'ME'),
('maryland', 'MD'),
('massachusetts', 'MA'),
('michigan', 'MI'),
('minnesota', 'MN'),
('mississippi', 'MS'),
('missouri', 'MO'),
('montana', 'MT'),
('nebraska', 'NB'),
('nevada', 'NV'),
('new hampshire', 'NH'),
('new jersey', 'NJ'),
('new mexico', 'NM'),
('new york', 'NY'),
('north carolina', 'NC'),
('north dakota', 'ND'),
('ohio', 'OH'),
('oklahoma', 'OK'),
('oregon', 'OR'),
('pennsylvania', 'PA'),
('rhode island', 'RI'),
('south dakota', 'SD'),
('south carolina', 'SC'),
('tennessee', 'TN'),
('texas', 'TX'),
('utah', 'UT'),
('vermont', 'VT'),
('virginia', 'VA'),
('washington', 'WA'),
('west virginia', 'WV'),
('wisconsin', 'WI'),
('wyoming', 'WY');

INSERT INTO additional_data( data, state, topic) VALUES
('3351', 'AL', 'Total_Homeless_Population'),
('1949', 'AK', 'Total_Homeless_Population'),
('10979', 'AZ', 'Total_Homeless_Population'),
('2366', 'AR', 'Total_Homeless_Population'),
('161548', 'CA', 'Total_Homeless_Population'),
('9846', 'CO', 'Total_Homeless_Population'),
('2905', 'CT', 'Total_Homeless_Population'),
('1165', 'DE', 'Total_Homeless_Population'),
('27487', 'FL', 'Total_Homeless_Population'),
('10234', 'GA', 'Total_Homeless_Population'),
('6458', 'HI', 'Total_Homeless_Population'),
('2315', 'ID', 'Total_Homeless_Population'),
('10431', 'IL', 'Total_Homeless_Population'),
('5625', 'IN', 'Total_Homeless_Population'),
('2647', 'IA', 'Total_Homeless_Population'),
('2449', 'KS', 'Total_Homeless_Population'),
('4011', 'KY', 'Total_Homeless_Population'),
('3173', 'LA', 'Total_Homeless_Population'),
('2097', 'ME', 'Total_Homeless_Population'),
('6360', 'MD', 'Total_Homeless_Population'),
('17975', 'MA', 'Total_Homeless_Population'),
('8638', 'MI', 'Total_Homeless_Population'),
('7940', 'MN', 'Total_Homeless_Population'),
('1107', 'MS', 'Total_Homeless_Population'),
('6527', 'MO', 'Total_Homeless_Population'),
('1545', 'MT', 'Total_Homeless_Population'),
('2404', 'NB', 'Total_Homeless_Population'),
('6900', 'NV', 'Total_Homeless_Population'),
('1675', 'NH', 'Total_Homeless_Population'),
('9662', 'NJ', 'Total_Homeless_Population'),
('3333', 'NM', 'Total_Homeless_Population'),
('91271', 'NY', 'Total_Homeless_Population'),
('9280', 'NC', 'Total_Homeless_Population'),
('541', 'ND', 'Total_Homeless_Population'),
('10655', 'OH', 'Total_Homeless_Population'),
('3932', 'OK', 'Total_Homeless_Population'),
('14655', 'OR', 'Total_Homeless_Population'),
('13375', 'PA', 'Total_Homeless_Population'),
('1104', 'RI', 'Total_Homeless_Population'),
('1058', 'SD', 'Total_Homeless_Population'),
('4287', 'SC', 'Total_Homeless_Population'),
('7256', 'TN', 'Total_Homeless_Population'),
('27229', 'TX', 'Total_Homeless_Population'),
('3131', 'UT', 'Total_Homeless_Population'),
('1110', 'VT', 'Total_Homeless_Population'),
('5957', 'VA', 'Total_Homeless_Population'),
('22923', 'WA', 'Total_Homeless_Population'),
('1341', 'WV', 'Total_Homeless_Population'),
('4515', 'WI', 'Total_Homeless_Population'),
('612', 'WY', 'Total_Homeless_Population'),
('0.58', 'AL', 'Percentage_of_Total_Population_Experiencing_Homelessness'),
('0.34', 'AK', 'Percentage_of_Total_Population_Experiencing_Homelessness'),
('1.9', 'AZ', 'Percentage_of_Total_Population_Experiencing_Homelessness'),
('0.41', 'AR', 'Percentage_of_Total_Population_Experiencing_Homelessness'),
('27.89', 'CA', 'Percentage_of_Total_Population_Experiencing_Homelessness'),
('0.11', 'CO', 'Percentage_of_Total_Population_Experiencing_Homelessness'),
('0.5', 'CT', 'Percentage_of_Total_Population_Experiencing_Homelessness'),
('0.2', 'DE', 'Percentage_of_Total_Population_Experiencing_Homelessness'),
('4.75', 'FL', 'Percentage_of_Total_Population_Experiencing_Homelessness'),
('1.77', 'GA', 'Percentage_of_Total_Population_Experiencing_Homelessness'),
('1.11', 'HI', 'Percentage_of_Total_Population_Experiencing_Homelessness'),
('0.4', 'ID', 'Percentage_of_Total_Population_Experiencing_Homelessness'),
('1.8', 'IL', 'Percentage_of_Total_Population_Experiencing_Homelessness'),
('0.97', 'IN', 'Percentage_of_Total_Population_Experiencing_Homelessness'),
('0.46', 'IA', 'Percentage_of_Total_Population_Experiencing_Homelessness'),
('0.42', 'KS', 'Percentage_of_Total_Population_Experiencing_Homelessness'),
('0.69', 'KY', 'Percentage_of_Total_Population_Experiencing_Homelessness'),
('0.55', 'LA', 'Percentage_of_Total_Population_Experiencing_Homelessness'),
('0.36', 'ME', 'Percentage_of_Total_Population_Experiencing_Homelessness'),
('1.1', 'MD', 'Percentage_of_Total_Population_Experiencing_Homelessness'),
('3.1', 'MA', 'Percentage_of_Total_Population_Experiencing_Homelessness'),
('1.49', 'MI', 'Percentage_of_Total_Population_Experiencing_Homelessness'),
('1.37', 'MN', 'Percentage_of_Total_Population_Experiencing_Homelessness'),
('0.19', 'MS', 'Percentage_of_Total_Population_Experiencing_Homelessness'),
('1.13', 'MO', 'Percentage_of_Total_Population_Experiencing_Homelessness'),
('0.27', 'MT', 'Percentage_of_Total_Population_Experiencing_Homelessness'),
('0.42', 'NB', 'Percentage_of_Total_Population_Experiencing_Homelessness'),
('1.19', 'NV', 'Percentage_of_Total_Population_Experiencing_Homelessness'),
('0.29', 'NH', 'Percentage_of_Total_Population_Experiencing_Homelessness'),
('1.67', 'NJ', 'Percentage_of_Total_Population_Experiencing_Homelessness'),
('0.58', 'NM', 'Percentage_of_Total_Population_Experiencing_Homelessness'),
('15.76', 'NY', 'Percentage_of_Total_Population_Experiencing_Homelessness'),
('1.6', 'NC', 'Percentage_of_Total_Population_Experiencing_Homelessness'),
('0.09', 'ND', 'Percentage_of_Total_Population_Experiencing_Homelessness'),
('1.84', 'OH', 'Percentage_of_Total_Population_Experiencing_Homelessness'),
('0.68', 'OK', 'Percentage_of_Total_Population_Experiencing_Homelessness'),
('2.53', 'OR', 'Percentage_of_Total_Population_Experiencing_Homelessness'),
('2.31', 'PA', 'Percentage_of_Total_Population_Experiencing_Homelessness'),
('0.19', 'RI', 'Percentage_of_Total_Population_Experiencing_Homelessness'),
('0.18', 'SD', 'Percentage_of_Total_Population_Experiencing_Homelessness'),
('0.74', 'SC', 'Percentage_of_Total_Population_Experiencing_Homelessness'),
('1.25', 'TN', 'Percentage_of_Total_Population_Experiencing_Homelessness'),
('4.7', 'TX', 'Percentage_of_Total_Population_Experiencing_Homelessness'),
('0.54', 'UT', 'Percentage_of_Total_Population_Experiencing_Homelessness'),
('0.19', 'VT', 'Percentage_of_Total_Population_Experiencing_Homelessness'),
('1.03', 'VA', 'Percentage_of_Total_Population_Experiencing_Homelessness'),
('3.96', 'WA', 'Percentage_of_Total_Population_Experiencing_Homelessness'),
('0.23', 'WV', 'Percentage_of_Total_Population_Experiencing_Homelessness'),
('0.78', 'WI', 'Percentage_of_Total_Population_Experiencing_Homelessness'),
('0.11', 'WY', 'Percentage_of_Total_Population_Experiencing_Homelessness'),
-- ('null', 'AL', 'LGBT_People_in_Poverty'),
-- ('null', 'AK', 'LGBT_People_in_Poverty'),
-- ('null', 'AZ', 'LGBT_People_in_Poverty'),
-- ('null', 'AR', 'LGBT_People_in_Poverty'),
('223700', 'CA', 'LGBT_People_in_Poverty'),
('21500', 'CO', 'LGBT_People_in_Poverty'),
('14500', 'CT', 'LGBT_People_in_Poverty'),
('3200', 'DE', 'LGBT_People_in_Poverty'),
('7800', 'FL', 'LGBT_People_in_Poverty'),
('34300', 'GA', 'LGBT_People_in_Poverty'),
('8600', 'HI', 'LGBT_People_in_Poverty'),
('7900', 'ID', 'LGBT_People_in_Poverty'),
('73800', 'IL', 'LGBT_People_in_Poverty'),
('44200', 'IN', 'LGBT_People_in_Poverty'),
('12900', 'IA', 'LGBT_People_in_Poverty'),
('10900', 'KS', 'LGBT_People_in_Poverty'),
('26500', 'KY', 'LGBT_People_in_Poverty'),
-- ('null', 'LA', 'LGBT_People_in_Poverty'),
-- ('null', 'ME', 'LGBT_People_in_Poverty'),
('30900', 'MD', 'LGBT_People_in_Poverty'),
('23300', 'MA', 'LGBT_People_in_Poverty'),
-- ('null', 'MI', 'LGBT_People_in_Poverty'),
('15300', 'MN', 'LGBT_People_in_Poverty'),
('10600', 'MS', 'LGBT_People_in_Poverty'),
('25600', 'MO', 'LGBT_People_in_Poverty'),
('5600', 'MT', 'LGBT_People_in_Poverty'),
-- ('null', 'NB', 'LGBT_People_in_Poverty'),
('16100', 'NV', 'LGBT_People_in_Poverty'),
-- ('null', 'NH', 'LGBT_People_in_Poverty'),
-- ('null', 'NJ', 'LGBT_People_in_Poverty'),
-- ('null', 'NM', 'LGBT_People_in_Poverty'),
('105600', 'NY', 'LGBT_People_in_Poverty'),
('45800', 'NC', 'LGBT_People_in_Poverty'),
-- ('null', 'ND', 'LGBT_People_in_Poverty'),
('46600', 'OH', 'LGBT_People_in_Poverty'),
('26800', 'OK', 'LGBT_People_in_Poverty'),
-- ('null', 'OR', 'LGBT_People_in_Poverty'),
('46200', 'PA', 'LGBT_People_in_Poverty'),
('6100', 'RI', 'LGBT_People_in_Poverty'),
-- ('null', 'SD', 'LGBT_People_in_Poverty'),
('17100', 'SC', 'LGBT_People_in_Poverty'),
-- ('null', 'TN', 'LGBT_People_in_Poverty'),
('133300', 'TX', 'LGBT_People_in_Poverty'),
-- ('null', 'UT', 'LGBT_People_in_Poverty'),
('3800', 'VT', 'LGBT_People_in_Poverty'),
('25400', 'VA', 'LGBT_People_in_Poverty'),
('39600', 'WA', 'LGBT_People_in_Poverty'),
('5800', 'WV', 'LGBT_People_in_Poverty'),
('18900', 'WI', 'LGBT_People_in_Poverty'),
('2600', 'WY', 'LGBT_People_in_Poverty'),
-- ('null', 'AL', 'Percentage_of_LGBT_Population_in_Poverty'),
-- ('null', 'AK', 'Percentage_of_LGBT_Population_in_Poverty'),
-- ('null', 'AZ', 'Percentage_of_LGBT_Population_in_Poverty'),
-- ('null', 'AR', 'Percentage_of_LGBT_Population_in_Poverty'),
('23', 'CA', 'Percentage_of_LGBT_Population_in_Poverty'),
('18', 'CO', 'Percentage_of_LGBT_Population_in_Poverty'),
('18', 'CT', 'Percentage_of_LGBT_Population_in_Poverty'),
('15', 'DE', 'Percentage_of_LGBT_Population_in_Poverty'),
('07', 'FL', 'Percentage_of_LGBT_Population_in_Poverty'),
('22', 'GA', 'Percentage_of_LGBT_Population_in_Poverty'),
('24', 'HI', 'Percentage_of_LGBT_Population_in_Poverty'),
('28', 'ID', 'Percentage_of_LGBT_Population_in_Poverty'),
('25', 'IL', 'Percentage_of_LGBT_Population_in_Poverty'),
('29', 'IN', 'Percentage_of_LGBT_Population_in_Poverty'),
('24', 'IA', 'Percentage_of_LGBT_Population_in_Poverty'),
('24', 'KS', 'Percentage_of_LGBT_Population_in_Poverty'),
('28', 'KY', 'Percentage_of_LGBT_Population_in_Poverty'),
-- ('null', 'LA', 'Percentage_of_LGBT_Population_in_Poverty'),
-- ('null', 'ME', 'Percentage_of_LGBT_Population_in_Poverty'),
('23', 'MD', 'Percentage_of_LGBT_Population_in_Poverty'),
('13', 'MA', 'Percentage_of_LGBT_Population_in_Poverty'),
-- ('null', 'MI', 'Percentage_of_LGBT_Population_in_Poverty'),
('16', 'MN', 'Percentage_of_LGBT_Population_in_Poverty'),
('29', 'MS', 'Percentage_of_LGBT_Population_in_Poverty'),
('22', 'MO', 'Percentage_of_LGBT_Population_in_Poverty'),
('31', 'MT', 'Percentage_of_LGBT_Population_in_Poverty'),
-- ('null', 'NB', 'Percentage_of_LGBT_Population_in_Poverty'),
('23', 'NV', 'Percentage_of_LGBT_Population_in_Poverty'),
-- ('null', 'NH', 'Percentage_of_LGBT_Population_in_Poverty'),
-- ('null', 'NJ', 'Percentage_of_LGBT_Population_in_Poverty'),
-- ('null', 'NM', 'Percentage_of_LGBT_Population_in_Poverty'),
('2', 'NY', 'Percentage_of_LGBT_Population_in_Poverty'),
('18', 'NC', 'Percentage_of_LGBT_Population_in_Poverty'),
-- ('null', 'ND', 'Percentage_of_LGBT_Population_in_Poverty'),
('22', 'OH', 'Percentage_of_LGBT_Population_in_Poverty'),
('31', 'OK', 'Percentage_of_LGBT_Population_in_Poverty'),
-- ('null', 'OR', 'Percentage_of_LGBT_Population_in_Poverty'),
('18', 'PA', 'Percentage_of_LGBT_Population_in_Poverty'),
('21', 'RI', 'Percentage_of_LGBT_Population_in_Poverty'),
-- ('null', 'SD', 'Percentage_of_LGBT_Population_in_Poverty'),
('2', 'SC', 'Percentage_of_LGBT_Population_in_Poverty'),
-- ('null', 'TN', 'Percentage_of_LGBT_Population_in_Poverty'),
('28', 'TX', 'Percentage_of_LGBT_Population_in_Poverty'),
-- ('null', 'UT', 'Percentage_of_LGBT_Population_in_Poverty'),
('18', 'VT', 'Percentage_of_LGBT_Population_in_Poverty'),
('17', 'VA', 'Percentage_of_LGBT_Population_in_Poverty'),
('18', 'WA', 'Percentage_of_LGBT_Population_in_Poverty'),
('22', 'WV', 'Percentage_of_LGBT_Population_in_Poverty'),
('16', 'WI', 'Percentage_of_LGBT_Population_in_Poverty'),
('27', 'WY', 'Percentage_of_LGBT_Population_in_Poverty');
